{"Mean episode length":464.24,"_step":9999,"_timestamp":1.7331884876434798e+09,"Mean reward":12890.454922597035,"Surrogate loss":8.544884622097016e-09,"Value function loss":101098.5779296875,"Mean success rate":95.5,"_runtime":989.804602458,"_wandb":{"runtime":989}}