{"_timestamp":1.7334953296044018e+09,"Mean reward":6884.592748236135,"Value function loss":60432.19912109375,"Mean episode length":305.555,"_step":10384,"Surrogate loss":0.012264636531472205,"_wandb":{"runtime":5338},"_runtime":5337.053975151,"Mean success rate":55.50000000000001}