{"Value function loss":96523.01967773438,"Mean success rate":84.5,"_step":17944,"Surrogate loss":0.008209958812221885,"_wandb":{"runtime":9349},"Mean episode length":424.3,"_timestamp":1.733465825823591e+09,"_runtime":9349.263426354,"Mean reward":11082.669953957648}