{"_step":9999,"Mean episode length":463.02,"Surrogate loss":-3.7252902984619143e-10,"Value function loss":80145.45947265625,"_timestamp":1.7331900437685013e+09,"Mean reward":11326.031469346806,"Mean success rate":92,"_runtime":1411.068541744,"_wandb":{"runtime":1411}}