{"Mean success rate":76,"_timestamp":1.733481817194323e+09,"_wandb":{"runtime":5396},"_step":10509,"Surrogate loss":0.011877632793039083,"Value function loss":103410.40893554688,"Mean episode length":389.59,"Mean reward":8553.467708148062,"_runtime":5395.512247651}