{"_timestamp":1.733171289591769e+09,"_runtime":46032.060082618,"Value function loss":253.2800708770752,"Mean episode length":396.005,"Mean success rate":0,"Surrogate loss":0.01916705716867,"_wandb":{"runtime":46032},"Mean reward":604.0319232673943,"_step":82054}