{"Mean episode length":385.59,"_timestamp":1.7324213121214917e+09,"_wandb":{"runtime":2446},"Surrogate loss":4.190951585769653e-09,"_step":9999,"Mean reward":9609.912261673808,"_runtime":2446.647348363,"Value function loss":99699.30546875,"Mean success rate":76}