{"Surrogate loss":-2.9802322387695314e-09,"Mean episode length":485.815,"Mean reward":15261.90199230343,"_step":9999,"_runtime":985.105188993,"_wandb":{"runtime":985},"_timestamp":1.7331241374583397e+09,"Value function loss":87113.55673828124,"Mean success rate":98}