{"Mean episode length":367.205,"Mean reward":628.6716187848151,"Surrogate loss":0.00884365658275783,"_runtime":10532.620127966,"_step":11664,"Value function loss":171.3197250366211,"_timestamp":1.7334763711285288e+09,"Mean success rate":0,"_wandb":{"runtime":10533}}