{"_wandb":{"runtime":8156},"Mean success rate":77,"Mean reward":10161.407989536672,"Value function loss":122510.44765625,"Mean episode length":401.065,"_timestamp":1.7334899821251662e+09,"Surrogate loss":0.008209205442108214,"_runtime":8156.480843387,"_step":15834}