{"Value function loss":98757.5876953125,"_runtime":1416.670233419,"Surrogate loss":-1.899898052215576e-08,"_step":9999,"_wandb":{"runtime":1416},"_timestamp":1.7331727709188328e+09,"Mean reward":13205.628859367594,"Mean episode length":449.32,"Mean success rate":92}