{"Value function loss":285.3953441619873,"_step":1149,"Surrogate loss":0.0014379926724359393,"Mean success rate":0,"Mean episode length":258.78,"_wandb":{"runtime":1114},"Mean reward":354.53453250288965,"_timestamp":1.733518792616886e+09,"_runtime":1110.39192975}